{
  "n_total": 26,
  "n_synthetic": 9,
  "n_real": 17,
  "correlation": {
    "pearson": {
      "r": 0.4009753222037517,
      "r2": 0.1607812090164025,
      "p_value": 0.042344530399164776,
      "effect_size": "medium"
    },
    "spearman": {
      "rho": 0.4271512831231747,
      "p_value": 0.029522041768647603,
      "effect_size": "medium"
    }
  },
  "bootstrap": {
    "n_bootstrap": 2000,
    "r2_mean": 0.19671818949607303,
    "r2_std": 0.15053135068103213,
    "r2_ci_95": [
      0.006460101647690205,
      0.566378102741062
    ],
    "slope_ci_95": [
      4.2699854106478785,
      29.290948998018784
    ],
    "intercept_ci_95": [
      -19.956243212461967,
      -8.7152806295244
    ]
  },
  "quadratic_ftest": {
    "linear": {
      "r2": 0.16078120901640258,
      "slope": 18.81405446144171,
      "intercept": -16.33245168146913,
      "ss_residual": 3552.100981164319
    },
    "quadratic": {
      "r2": 0.2526798448186621,
      "coefficients": [
        -21.506013122480386,
        67.88543727058163,
        -59.42657720101727
      ],
      "ss_residual": 3163.128239004582
    },
    "f_test": {
      "f_statistic": 2.8283308148421185,
      "p_value": 0.10614469153891659,
      "df1": 1,
      "df2": 23,
      "quadratic_significant": 