{
  "Texas": {
    "homophily": 0.08710801393728224,
    "spi": 0.8257839721254355,
    "regime": "Q2 (Low h)",
    "n_nodes": 183,
    "results": {
      "MLP": {
        "mean": 0.8054054200649261,
        "std": 0.07907425271453676,
        "scores": [
          0.7297297716140747,
          0.6486486792564392,
          0.8918918967247009,
          0.8918918967247009,
          0.7297297716140747,
          0.8648648858070374,
          0.8108108043670654,
          0.7837837934494019,
          0.8918918967247009,
          0.8108108043670654
        ]
      },
      "GCN": {
        "mean": 0.5486486613750458,
        "std": 0.08465114220364699,
        "scores": [
          0.5675675868988037,
          0.4054054021835327,
          0.6756756901741028,
          0.45945948362350464,
          0.5675675868988037,
          0.6486486792564392,
          0.5135135054588318,
          0.4864864945411682,
          0.5135135054588318,
          0.6486486792564392
        ]
      },
      "GAT": {
        "mean": 0.5729729861021042,
        "std": 0.06707931688852631,
        "scores": [
          0.5945945978164673,
          0.4324324429035187,
          0.5945945978164673,
          0.6486486792564392,
          0.5135135054588318,
          0.6756756901741028,
          0.6216216087341309,
          0.5405405759811401,
          0.5405405759811401,
          0.5675675868988037
        ]
      },
      "MixHop": {
        "mean": 0.8189189314842225,
        "std": 0.04195722616929948,
        "scores": [
          0.8108108043670654,
          0.7297297716140747,
          0.8378378748893738,
          0.8918918967247009,
          0.7837837934494019,
          0.8108108043670654,
          0.8108108043670654,
          0.8108108043670654,
          0.8648648858070374,
          0.8378378748893738
        ]
      },
      "GCNII": {
        "mean": 0.6351351380348206,
        "std": 0.09536366452239041,
        "scores": [
          0.6216216087341309,
          0.5405405759811401,
          0.6756756901741028,
          0.8108108043670654,
          0.4864864945411682,
          0.5675675868988037,
          0.6216216087341309,
          0.6216216087341309,
          0.6216216087341309,
          0.7837837934494019
        ]
      }
    }
  },
  "Wisconsin": {
    "homophily": 0.19213973799126638,
    "spi": 0.6157205240174672,
    "regime": "Q2 (Low h)",
    "n_nodes": 251,
    "results": {
      "MLP": {
        "mean": 0.8313725590705872,
        "std": 0.04401949604416214,
        "scores": [
          0.8039215803146362,
          0.8235294222831726,
          0.7843137383460999,
          0.7843137383460999,
          0.7843137383460999,
          0.9215686321258545,
          0.843137264251709,
          0.8823529481887817,
          0.8235294222831726,
          0.8627451062202454
        ]
      },
      "GCN": {
        "mean": 0.515686297416687,
        "std": 0.06203644275362478,
        "scores": [
          0.45098039507865906,
          0.5098039507865906,
          0.529411792755127,
          0.4901961088180542,
          0.4705882668495178,
          0.4901961088180542,
          0.5882353186607361,
          0.6470588445663452,
          0.4313725531101227,
          0.5490196347236633
        ]
      },
      "GAT": {
        "mean": 0.4980392396450043,
        "std": 0.05696408032355931,
        "scores": [
          0.37254902720451355,
          0.4705882668495178,
          0.45098039507865906,
          0.5686274766921997,
          0.529411792755127,
          0.4705882668495178,
          0.529411792755127,
          0.529411792755127,
          0.4901961088180542,
          0.5686274766921997
        ]
      },
      "MixHop": {
        "mean": 0.821568638086319,
        "std": 0.034467440751946875,
        "scores": [
          0.7843137383460999,
          0.8627451062202454,
          0.8039215803146362,
          0.7843137383460999,
          0.7647058963775635,
          0.843137264251709,
          0.8627451062202454,
          0.8627451062202454,
          0.8235294222831726,
          0.8235294222831726
        ]
      },
      "GCNII": {
        "mean": 0.7313725650310516,
        "std": 0.08987581139879437,
        "scores": [
          0.7254902124404907,
          0.843137264251709,
          0.8039215803146362,
          0.6470588445663452,
          0.7254902124404907,
          0.7843137383460999,
          0.8627451062202454,
          0.7254902124404907,
          0.5882353186607361,
          0.6078431606292725
        ]
      }
    }
  },
  "Cornell": {
    "homophily": 0.12746858168761221,
    "spi": 0.7450628366247756,
    "regime": "Q2 (Low h)",
    "n_nodes": 183,
    "results": {
      "MLP": {
        "mean": 0.7270270526409149,
        "std": 0.08499559747959999,
        "scores": [
          0.7567567825317383,
          0.6756756901741028,
          0.7297297716140747,
          0.6486486792564392,
          0.7567567825317383,
          0.7297297716140747,
          0.8648648858070374,
          0.8648648858070374,
          0.6486486792564392,
          0.5945945978164673
        ]
      },
      "GCN": {
        "mean": 0.502702710032463,
        "std": 0.0785180453890727,
        "scores": [
          0.5135135054588318,
          0.4324324429035187,
          0.4864864945411682,
          0.4324324429035187,
          0.4864864945411682,
          0.4324324429035187,
          0.6216216087341309,
          0.6756756901741028,
          0.4864864945411682,
          0.45945948362350464
        ]
      },
      "GAT": {
        "mean": 0.46216216683387756,
        "std": 0.05726924538485193,
        "scores": [
          0.5135135054588318,
          0.3513513505458832,
          0.5135135054588318,
          0.4324324429035187,
          0.4864864945411682,
          0.4054054021835327,
          0.4324324429035187,
          0.5135135054588318,
          0.5405405759811401,
          0.4324324429035187
        ]
      },
      "MixHop": {
        "mean": 0.7054054141044617,
        "std": 0.08836639111363279,
        "scores": [
          0.7027027010917664,
          0.6756756901741028,
          0.5675675868988037,
          0.7027027010917664,
          0.7027027010917664,
          0.7027027010917664,
          0.8108108043670654,
          0.8648648858070374,
          0.7567567825317383,
          0.5675675868988037
        ]
      },
      "GCNII": {
        "mean": 0.508108115196228,
        "std": 0.0681595621262922,
        "scores": [
          0.5945945978164673,
          0.45945948362350464,
          0.4864864945411682,
          0.4054054021835327,
          0.45945948362350464,
          0.45945948362350464,
          0.5945945978164673,
          0.6216216087341309,
          0.4864864945411682,
          0.5135135054588318
        ]
      }
    }
  },
  "Roman-empire": {
    "homophily": 0.04689160871017706,
    "spi": 0.9062167825796459,
    "regime": "Q2 (Low h)",
    "n_nodes": 22662,
    "results": {
      "MLP": {
        "mean": 0.6560555934906006,
        "std": 0.004062297737548144,
        "scores": [
          0.657180666923523,
          0.6582837104797363,
          0.6633576154708862,
          0.6569600701332092,
          0.6492389440536499,
          0.657180666923523,
          0.6574012637138367,
          0.6523273587226868,
          0.6501213312149048,
          0.65850430727005
        ]
      },
      "GCN": {
        "mean": 0.4684976875782013,
        "std": 0.004893299542860725,
        "scores": [
          0.4667990207672119,
          0.4679020643234253,
          0.47341716289520264,
          0.46326935291290283,
          0.4720935523509979,
          0.47474080324172974,
          0.4590778648853302,
          0.4639311730861664,
          0.47231414914131165,
          0.4714317321777344
        ]
      },
      "GAT": {
        "mean": 0.40555923581123354,
        "std": 0.006642499996393124,