{
  "experiment": "cross_model_hsweep_enhanced",
  "models": [
    "MLP",
    "GCN",
    "GAT",
    "GraphSAGE"
  ],
  "h_values": [
    0.1,
    0.2,
    0.3,
    0.4,
    0.5,
    0.6,
    0.7,
    0.8,
    0.9
  ],
  "n_runs": 10,
  "feature_separability": 0.5,
  "results": [
    {
      "h": 0.1,
      "h_actual": 0.1,
      "n_runs": 10,
      "MLP_acc": 0.9919999778270722,
      "MLP_std": 0.008563511153768251,
      "MLP_ci_lower": 0.9869999647140503,
      "MLP_ci_upper": 0.996999990940094,
      "GCN_acc": 0.9979999959468842,
      "GCN_std": 0.004830472132197866,
      "GCN_ci_lower": 0.9944999873638153,
      "GCN_ci_upper": 1.0,
      "GAT_acc": 0.9974999904632569,
      "GAT_std": 0.004249202254532507,
      "GAT_ci_lower": 0.9949999749660492,
      "GAT_ci_upper": 1.0,
      "GraphSAGE_acc": 0.9985000014305114,
      "GraphSAGE_std": 0.002415227154355938,
      "GraphSAGE_ci_lower": 0.997000002861023,
      "GraphSAGE_ci_upper": 1.0,
      "GCN_advantage": 0.0060000181198119895,
      "GCN_advantage_ci_lower": -0.0004999995231628418,
      "GCN_advantage_ci_upper": 0.012000036239624024,
      "GCN_vs_MLP_ttest_p": 0.11137318718470039,
      "GCN_vs_MLP_cohens_d": 0.8630342383095578,
      "GAT_advantage": 0.005500012636184715,
      "GAT_advantage_ci_lower": -0.0010000109672546388,
      "GAT_advantage_ci_upper": 0.012000030279159546,
      "GAT_vs_MLP_ttest_p": 0.14556748864139143,
      "GAT_vs_MLP_cohens_d": 0.8136369623272376,
      "GraphSAGE_advantage": 0.0065000236034392644,
      "GraphSAGE_advantage_ci_lower": 0.0010000109672546388,
      "GraphSAGE_advantage_ci_upper": 0.012000036239624024,
      "GraphSAGE_vs_MLP_ttest_p": 0.057476077656367516,
      "GraphSAGE_vs_MLP_cohens_d": 1.033136518300187
    },
    {
      "h": 0.2,
      "h_actual": 0.2,
      "n_runs": 10,
      "MLP_acc": 0.9919999778270722,
      "MLP_std": 0.008563511153768251,
      "MLP_ci_lower": 0.9869999647140503,
      "MLP_ci_upper": 0.996999990940094,
      "GCN_acc": 0.9919999778270722,
      "GCN_std": 0.005868961567815745,
      "GCN_ci_lower": 0.9884999692440033,
      "GCN_ci_upper": 0.9954999923706055,
      "GAT_acc": 0.992499977350235,
      "GAT_std": 0.005400639689853224,
      "GAT_ci_lower": 0.9894999623298645,
      "GAT_ci_upper": 0.99549999833107,
      "GraphSAGE_acc": 0.9980000019073486,
      "GraphSAGE_std": 0.002581986435095114,
      "GraphSAGE_ci_lower": 0.9965000033378602,
      "GraphSAGE_ci_upper": 0.9995000004768372,
      "GCN_advantage": 0.0,
      "GCN_advantage_ci_lower": -0.00550001859664917,
      "GCN_advantage_ci_upper": 0.006000012159347534,
      "GCN_vs_MLP_ttest_p": 1.0,
      "GCN_vs_MLP_cohens_d": 0.0,
      "GAT_advantage": 0.0004999995231628196,
      "GAT_advantage_ci_lower": -0.006500011682510376,
      "GAT_advantage_ci_upper": 0.007500016689300537,
      "GAT_vs_MLP_ttest_p": 0.8950726647299327,
      "GAT_vs_MLP_cohens_d": 0.0698427475337537,
      "GraphSAGE_advantage": 0.006000024080276445,
      "GraphSAGE_advantage_ci_lower": 1.1920928955078126e-08,
      "GraphSAGE_advantage_ci_upper": 0.012000036239624024,
      "GraphSAGE_vs_MLP_ttest_p": 0.08874519309874451,
      "GraphSAGE_vs_MLP_cohens_d": 0.9486848687664582
    },
    {
      "h": 0.3,
      "h_actual": 0.3,
      "n_runs": 10,
      "MLP_acc": 0.992499977350235,
      "MLP_std": 0.008249601351328009,
      "MLP_ci_lower": 0.9874999642372131,
      "MLP_ci_upper": 0.996999990940094,
      "GCN_acc": 0.9614999771118165,
      "GCN_std": 0.015464999530962472,
      "GCN_ci_lower": 0.9519999861717224,
      "GCN_ci_upper": 0.9699999690055847,
      "GAT_acc": 0.9889999687671661,
      "GAT_std": 0.008096653715710982,
      "GAT_ci_lower": 0.9839999616146088,
      "GAT_ci_upper": 0.9934999823570252,
      "GraphSAGE_acc": 0.9969999969005585,
      "GraphSAGE_std": 0.004830470761165645,
      "GraphSAGE_ci_lower": 0.9939999878406525,
      "GraphSAGE_ci_upper": 0.9995000004768372,
      "GCN_advantage": -0.031000000238418535,
      "GCN_advantage_ci_lower": -0.041999995708465576,
      "GCN_advantage_ci_upper": -0.020500004291534424,
      "GCN_vs_MLP_ttest_p": 0.0004197131396877133,
      "GCN_vs_MLP_cohens_d": -2.501211662439249,
      "GAT_advantage": -0.00350000858306887,
      "GAT_advantage_ci_lower": -0.010000014305114746,
      "GAT_advantage_ci_upper": 0.002500009536743164,
      "GAT_vs_MLP_ttest_p": 0.3216647866854077,
      "GAT_vs_MLP_cohens_d": -0.4282149481240807,
      "GraphSAGE_advantage": 0.004500019550323531,
      "GraphSAGE_advantage_ci_lower": 5.960464477539063e-09,
      "GraphSAGE_advantage_ci_upper": 0.009500032663345337,
      "GraphSAGE_vs_MLP_ttest_p": 0.12123189976282976,
      "GraphSAGE_vs_MLP_cohens_d": 0.6657045972169293
    },
    {
      "h": 0.4,
      "h_actual": 0.4,
      "n_runs": 10,
      "MLP_acc": 0.9914999723434448,
      "MLP_std": 0.007835127449228527,
      "MLP_ci_lower": 0.9869999587535858,
      "MLP_ci_upper": 0.9959999859333039,
      "GCN_acc": 0.8634999871253968,
      "GCN_std": 0.03574990564614502,
      "GCN_ci_lower": 0.8414999842643738,
      "GCN_ci_upper": 0.8829999746382237,
      "GAT_acc": 0.9734999716281891,
      "GAT_std": 0.020554792115791826,
      "GAT_ci_lower": 0.9609999775886535,
      "GAT_ci_upper": 0.9844999670982361,
      "GraphSAGE_acc": 0.9949999809265136,
      "GraphSAGE_std": 0.00471406881016223,
      "GraphSAGE_ci_lower": 0.9924999654293061,
      "GraphSAGE_ci_upper": 0.9979999899864197,
      "GCN_advantage": -0.127999985218048,
      "GCN_advantage_ci_lower": -0.15050000548362732,
      "GCN_advantage_ci_upper": -0.10950000286102295,
      "GCN_vs_MLP_ttest_p": 1.241787492756238e-06,
      "GCN_vs_MLP_cohens_d": -4.946095283666541,
      "GAT_advantage": -0.01800000071525565,
      "GAT_advantage_ci_lower": -0.031499999761581424,
      "GAT_advantage_ci_upper": -0.005000007152557373,
      "GAT_vs_MLP_ttest_p": 0.033036914441739805,
      "GAT_vs_MLP_cohens_d": -1.1572169321479704,
      "GraphSAGE_advantage": 0.00350000858306887,
      "GraphSAGE_advantage_ci_lower": -0.002500009536743164,
      "GraphSAGE_advantage_ci_upper": 0.009500032663345337,
      "GraphSAGE_vs_MLP_ttest_p": 0.3099827121301922,
      "GraphSAGE_vs_MLP_cohens_d": 0.5413157536909043
    },
    {
      "h": 0.5,
      "h_actual": 0.5,
      "n_runs": 10,
      "MLP_acc": 0.992499977350235,
      "MLP_std": 0.0075461756082239664,
      "MLP_ci_lower": 0.987999963760376,
      "MLP_ci_upper": 0.9964999914169311,
      "GCN_acc": 0.8049999713897705,
      "GCN_std": 0.027988092043693673,
      "GCN_ci_lower": 0.789499968290329,
      "GCN_ci_upper": 0.8219999730587005,
      "GAT_acc": 0.9394999802112579,
      "GAT_std": 0.07108092775519338,
      "GAT_ci_lower": 0.8929999887943267,
      "GAT_ci_upper": 0.9669999718666077,
      "GraphSAGE_acc": 0.9914999842643738,
      "GraphSAGE_std": 0.009442826559483069,
      "GraphSAGE_ci_lower": 0.9854999721050263,
      "GraphSAGE_ci_upper": 0.9964999973773956,
      "GCN_advantage": -0.18750000596046446,
      "GCN_advantage_ci_lower": -0.20200000405311586,
      "GCN_advantage_ci_upper": -0.1730000138282776,
      "GCN_vs_MLP_ttest_p": 1.9898840007166194e-09,
      "GCN_vs_MLP_cohens_d": -9.147549557738957,
      "GAT_advantage": -0.05299999713897707,
      "GAT_advantage_ci_lower": -0.09899998903274536,
      "GAT_advantage_ci_upper": -0.024000000953674317,
      "GAT_vs_MLP_ttest_p": 0.03895145080617591,
      "GAT_vs_MLP_cohens_d": -1.0485860175168702,
      "GraphSAGE_advantage": -0.0009999930858611839,
      "GraphSAGE_advantage_ci_lower": -0.006999999284744263,
      "GraphSAGE_advantage_ci_upper": 0.005500012636184692,
      "GraphSAGE_vs_MLP_ttest_p": 0.7698769425342741,
      "GraphSAGE_vs_MLP_cohens_d": -0.11699557578222562
    },
    {
      "h": 0.6,
      "h_actual": 0.6,
      "n_runs": 10,
      "MLP_acc": 0.992499977350235,
      "MLP_std": 0.0075461756082239664,
      "MLP_ci_lower": 0.9879999697208405,