{
  "auc": [
    0.7456671233370635,
    0.7468631260688973,
    0.7453391157411815,
    0.7474600378182786,
    0.7391127827076139,
    0.7394695165576148,
    0.7549089206047279,
    0.750250710859224,
    0.7488965486363217,
    0.7451696638605629
  ],
  "f1": [
    0.16827743035815804,
    0.16694867456288776,
    0.17201767304860088,
    0.1687219730941704,
    0.1667136018023092,
    0.169392523364486,
    0.16824966078697423,
    0.165352189284743,
    0.16708577815032133,
    0.17045119433795342
  ],
  "precision": [
    0.0988313856427379,
    0.09791597750578895,
    0.10167130919220056,
    0.09885057471264368,
    0.0977542932628798,
    0.09996552912788693,
    0.09803921568627451,
    0.0963855421686747,
    0.09784031413612565,
    0.1007670850767085
  ],
  "recall": [
    0.5659655831739961,
    0.5659655831739961,
    0.5583173996175909,
    0.5755258126195029,
    0.5659655831739961,
    0.5544933078393881,
    0.5927342256214149,
    0.5812619502868069,
    0.5717017208413002,
    0.5525812619502868
  ]
}