{
  "auc": [
    0.8189411278204725,
    0.8145170205366963,
    0.822117128890806,
    0.8157507966417622,
    0.8256628071348354,
    0.8168545451735865,
    0.8131690658261782,
    0.8197829721595712,
    0.8147083307853916,
    0.8200627724784258
  ],
  "f1": [
    0.1841457410142787,
    0.18701700154559506,
    0.18572141787319021,
    0.18632607062359127,
    0.19852164730728616,
    0.1815519765739385,
    0.1784351145038168,
    0.18141483855065318,
    0.17303158887317302,
    0.18013180375884794
  ],
  "precision": [
    0.10567957050014128,
    0.10806787734444775,
    0.10680447889750215,
    0.10720461095100864,
    0.11516079632465544,
    0.10405594405594405,
    0.10193513218860725,
    0.1041312959818902,
    0.0986824415165367,
    0.10324566312255176
  ],
  "recall": [
    0.7151051625239006,
    0.6940726577437859,
    0.7112810707456979,
    0.7112810707456979,
    0.7189292543021033,
    0.7112810707456979,
    0.7151051625239006,
    0.7036328871892925,
    0.7017208413001912,
    0.7055449330783938
  ]
}