{
  "auc": [
    0.817348570707066,
    0.8122478445733993,
    0.8189492504164647,
    0.8112739915400852,
    0.8152185354734899,
    0.8184674417956563,
    0.8095465200883686,
    0.8179221052289574,
    0.8135812050260776,
    0.8111230961592536
  ],
  "f1": [
    0.18373648996397324,
    0.1879021879021879,
    0.1959385290889133,
    0.1852620653866113,
    0.18633540372670807,
    0.18637629779691062,
    0.18879216539717084,
    0.19703622392974754,
    0.1917882225823879,
    0.19604612850082373
  ],
  "precision": [
    0.10615521855486174,
    0.10856632956573468,
    0.1143864146107017,
    0.10717502251576103,
    0.10775217000897935,
    0.10741389375364857,
    0.11005391690453536,
    0.1150272348606216,
    0.1116703365838314,
    0.11445976274446938
  ],
  "recall": [
    0.6826003824091779,
    0.6978967495219885,
    0.6826003824091779,
    0.6826003824091779,
    0.6883365200764818,
    0.7036328871892925,
    0.6634799235181644,
    0.6864244741873805,
    0.6787762906309751,
    0.6826003824091779
  ]
}