{
  "auc": [
    0.744917665272706,
    0.7447659114061191,
    0.7504952472247468,
    0.7176164975075517,
    0.7638500497459477,
    0.724151423151459,
    0.7697496959309492,
    0.7608560476557329,
    0.7278865625979417,
    0.7579932618113441
  ],
  "f1": [
    0.15864166244298022,
    0.15970188980569602,
    0.14098808826401094,
    0.09875682583943302,
    0.1868060091443501,
    0.1675807434491164,
    0.197708674304419,
    0.15596996851537903,
    0.11700297200062569,
    0.17245304496300512
  ],
  "precision": [
    0.09144025708442886,
    0.09276437847866419,
    0.07851239669421488,
    0.052572983671449774,
    0.11264277274517527,
    0.09967379485320768,
    0.11927330173775672,
    0.08929561841375486,
    0.0637137989778535,
    0.10130391173520562
  ],
  "recall": [
    0.5984703632887189,
    0.5736137667304015,
    0.6902485659655831,
    0.8126195028680688,
    0.5468451242829828,
    0.5258126195028681,
    0.5774378585086042,
    0.615678776290631,
    0.7151051625239006,
    0.5793499043977055
  ]
}