{
  "dataset": "ieee_cis",
  "timestamp": "2025-12-22T22:48:18.251367",
  "n_seeds": 15,
  "n_nodes": 100000,
  "n_features": 394,
  "methods": {
    "MLP-1": {
      "auc": [
        0.8253591012895645,
        0.8200839704728448,
        0.8233404050547113,
        0.8169534031101751,
        0.8206287127032517,
        0.8110548135230261,
        0.8083220552518792,
        0.8106570044315035,
        0.8311115501862187,
        0.8141892770902774,
        0.8143399743590116,
        0.8255623643014679,
        0.823053208550888,
        0.804751348846215,
        0.8184513286784035
      ],
      "f1": [
        0.2878103837471783,
        0.2551819438046983,
        0.27099236641221375,
        0.290126861555433,
        0.2744090441932169,
        0.2748327328872877,
        0.2799343903772553,
        0.2634011090573013,
        0.3131712832108536,
        0.24922669023420238,
        0.28019323671497587,
        0.2857142857142857,
        0.28815489749430523,
        0.25631929046563195,
        0.26811594202898553
      ],
      "precision": [
        0.20416333066453163,
        0.16808252427184467,
        0.18054672600127145,
        0.20387596899224805,
        0.1876317638791286,
        0.1880281690140845,
        0.19601837672281777,
        0.1736745886654479,
        0.22231139646869985,
        0.16206896551724137,
        0.1947761194029851,
        0.2004626060138782,
        0.20519059205190593,
        0.16685912240184758,
        0.18381831085876507
      ],
      "recall": [
        0.4875717017208413,
        0.5296367112810707,
        0.5430210325047801,
        0.502868068833652,
        0.5105162523900574,
        0.5105162523900574,
        0.4894837476099426,
        0.5449330783938815,
        0.5296367112810707,
        0.5391969407265774,
        0.49904397705544934,
        0.497131931166348,
        0.4837476099426386,
        0.5525812619502868,
        0.49521988527724664
      ]
    },
    "MLP-2": {
      "auc": [
        0.8188163171991281,
        0.8038857970927974,
        0.8183525367791806,
        0.8154132796652065,
        0.8201058948782872,
        0.8144640585693321,
        0.8106283442147503,
        0.8098321316954131,
        0.8051251203365899,
        0.8104557885779394,
        0.8097613396392854,
        0.812537154272928,
        0.8054137036250949,
        0.8101594128802713,
        0.8144097098172866
      ],
      "f1": [
        0.28197064989517817,
        0.2633906633906634,
        0.2945902517407606,
        0.27672955974842767,
        0.291044776119403,
        0.2772083943387018,
        0.2570503929727231,
        0.2678396871945259,
        0.2696512233211869,
        0.259581881533101,
        0.2722567287784679,
        0.24786708576560396,
        0.22655601659751037,
        0.2599805258033106,
        0.25022341376228774
      ],
      "precision": [
        0.19422382671480146,
        0.17724867724867724,
        0.20461309523809523,
        0.18523316062176165,
        0.2017738359201774,
        0.18610747051114024,
        0.16951219512195123,
        0.1799080761654629,
        0.18526466380543632,
        0.16807670614777215,
        0.18665720369056069,
        0.1619718309859155,
        0.14467408585055644,
        0.1743958197256695,
        0.16326530612244897
      ],
      "recall": [
        0.51434034416826,
        0.5124282982791587,
        0.5258126195028681,
        0.5468451242829828,
        0.5219885277246654,
        0.5430210325047801,
        0.5315487571701721,
        0.5239005736137667,
        0.49521988527724664,
        0.5697896749521989,
        0.502868068833652,
        0.5277246653919694,
        0.5219885277246654,
        0.5105162523900574,
        0.5353728489483748
      ]
    },
    "MLP-3": {
      "auc": [
        0.7997233958896494,
        0.8044459920667991,
        0.8121888732057483,
        0.8005841269153643,
        0.7976140303515658,
        0.8126070878433003,
        0.8122006938942248,
        0.8065007447033741,
        0.8055043068909595,
        0.804641264557442,
        0.8003804016419002,
        0.8126373329568322,
        0.8029596230375841,
        0.8046983208414851,
        0.8012728966405603
      ],
      "f1": [
        0.2704194260485651,
        0.2659416707859614,
        0.2607022607022607,
        0.2512218963831867,
        0.25059552167698906,
        0.29466739967014843,
        0.2564575645756458,
        0.27641408751334046,
        0.2589453860640301,
        0.25587703435804704,
        0.24675905230219045,
        0.31017964071856285,
        0.26181818181818184,
        0.271421495789995,
        0.23986765922249792
      ],
      "precision": [
        0.19006982156710628,
        0.17933333333333334,
        0.17416452442159383,
        0.16874589625738673,
        0.16687817258883247,
        0.20679012345679013,
        0.16899696048632218,
        0.19170984455958548,
        0.1717676452217364,
        0.167554766133807,
        0.16102683780630106,
        0.22580645161290322,
        0.17173524150268335,
        0.18315508021390375,
        0.15303430079155672
      ],
      "recall": [
        0.4684512428298279,
        0.51434034416826,
        0.5181644359464627,
        0.491395793499044,
        0.502868068833652,
        0.5124282982791587,
        0.5315487571701721,
        0.49521988527724664,
        0.5258126195028681,
        0.5411089866156787,
        0.5277246653919694,
        0.49521988527724664,
        0.5506692160611855,
        0.5239005736137667,
        0.5544933078393881
      ]
    },
    "MLP-BN": {
      "auc": [
        0.805344892689941,
        0.823468847731174,
        0.8042116254556083,
        0.8091332582532509,
        0.814462539709919,
        0.8227377480545061,
        0.8085960442825443,
        0.8201238570417823,
        0.8183621782345862,
        0.8058253145260676,
        0.8082631499215938,
        0.8148366413871229,
        0.8043345870307104,
        0.8202803655987061,
        0.8130093874756966
      ],
      "f1": [
        0.32168850072780203,
        0.3164324984728161,
        0.24466192170818504,
        0.2089857045609258,
        0.2620441242683476,
        0.2873684210526316,
        0.27223587223587226,
        0.25842696629213485,
        0.24215607401448108,
        0.28603730921424536,
        0.2379625945085555,
        0.27450980392156865,
        0.24032403240324032,
        0.2737457379444715,
        0.3175591531755915
      ],
      "precision": [
        0.2596944770857814,
        0.2324955116696589,
        0.15942028985507245,
        0.12712215320910972,
        0.17137809187279152,
        0.19825708061002179,
        0.1832010582010582,
        0.17110973341599503,
        0.1533367294956699,
        0.2030497592295345,
        0.15025125628140704,
        0.18159357628165534,
        0.15715126545026487,
        0.18366013071895426,
        0.23545706371191136
      ],
      "recall": [
        0.4225621414913958,
        0.49521988527724664,
        0.5258126195028681,
        0.5869980879541109,
        0.5564053537284895,
        0.5219885277246654,
        0.5296367112810707,
        0.5277246653919694,
        0.5755258126195029,
        0.4837476099426386,
        0.5717017208413002,
        0.5621414913957935,
        0.5105162523900574,
        0.5372848948374761,
        0.4875717017208413
      ]
    }
  },
  "best_mlp": {
    "name": "MLP-1",
    "auc_mean": 0.8178572345232958,
    "auc_std": 0.007065510978800732,
    "f1_mean": 0.27583896385985496,
    "f1_std": 0.015880664568191
  }
}