{
  "auc": [
    0.7456539819012713,
    0.7492544711589069,
    0.7515315716060987,
    0.7483894477044156,
    0.7502728994141297,
    0.7433117686114099,
    0.7556684163486858,
    0.7512859786427235,
    0.7511018004295335,
    0.74689634286389
  ],
  "f1": [
    0.16820276497695852,
    0.16325416325416325,
    0.1743145743145743,
    0.16430131004366813,
    0.1743559017375674,
    0.17146212566059893,
    0.17009449694274598,
    0.1661721068249258,
    0.16917399943230202,
    0.16978989210675752
  ],
  "precision": [
    0.09901661580196677,
    0.09522292993630574,
    0.1026512576478586,
    0.09582935370900987,
    0.10337477797513321,
    0.10128338536246966,
    0.09951219512195122,
    0.09673366834170855,
    0.09933333333333333,
    0.09969989996665556
  ],
  "recall": [
    0.5583173996175909,
    0.5717017208413002,
    0.5774378585086042,
    0.5755258126195029,
    0.5564053537284895,
    0.5583173996175909,
    0.5850860420650096,
    0.5889101338432122,
    0.5697896749521989,
    0.5717017208413002
  ]
}