{
  "auc": [
    0.7476287632878736,
    0.7434944940025525,
    0.7512316959280436
  ],
  "f1": [
    0.1649659863945578,
    0.1744047619047619,
    0.1813553929366847
  ],
  "precision": [
    0.09683860232945092,
    0.10327811068029609,
    0.10877862595419847
  ],
  "recall": [
    0.5564053537284895,
    0.5602294455066922,
    0.5449330783938815
  ]
}