{
  "delta_agg": 7.637025833129883,
  "GCN": {
    "auc": [
      0.7673265416377248,
      0.7768194070080863,
      0.8175711982804944
    ],
    "f1": [
      0.186219739292365,
      0.23873873873873874,
      0.21443298969072164
    ]
  },
  "H2GCN": {
    "auc": [
      0.8422088446399629,
      0.8319342121817902,
      0.8505636237476718
    ],
    "f1": [
      0.31232876712328766,
      0.2178988326848249,
      0.4177777777777778
    ]
  },
  "DAAA": {
    "auc": [
      0.8362709360286098,
      0.8106963491113481,
      0.7650858337661646
    ],
    "f1": [
      0.2591549295774648,
      0.24015748031496062,
      0.2169811320754717
    ]
  }
}