{
  "Texas": {
    "homophily": 0.08710801393728224,
    "n_nodes": 183,
    "results": {
      "MLP": {
        "mean": 0.8054054200649261,
        "std": 0.07907425271453676,
        "scores": [
          0.7297297716140747,
          0.6486486792564392,
          0.8918918967247009,
          0.8918918967247009,
          0.7297297716140747,
          0.8648648858070374,
          0.8108108043670654,
          0.7837837934494019,
          0.8918918967247009,
          0.8108108043670654
        ]
      },
      "GCN": {
        "mean": 0.5486486613750458,
        "std": 0.08465114220364699,
        "scores": [
          0.5675675868988037,
          0.4054054021835327,
          0.6756756901741028,
          0.45945948362350464,
          0.5675675868988037,
          0.6486486792564392,
          0.5135135054588318,
          0.4864864945411682,
          0.5135135054588318,
          0.6486486792564392
        ]
      },
      "GCN-Concat": {
        "mean": 0.8189189434051514,
        "std": 0.045305551608396284,
        "scores": [
          0.7837837934494019,
          0.7567567825317383,
          0.8648648858070374,
          0.8648648858070374,
          0.7297297716140747,
          0.8108108043670654,
          0.8378378748893738,
          0.8378378748893738,
          0.8648648858070374,
          0.8378378748893738
        ]
      },
      "SAGE-Concat": {
        "mean": 0.8162162363529205,
        "std": 0.06257210041207573,
        "scores": [
          0.7837837934494019,
          0.7567567825317383,
          0.9189189672470093,
          0.8378378748893738,
          0.7837837934494019,
          0.8108108043670654,
          0.7837837934494019,
          0.7567567825317383,
          0.9459459781646729,
          0.7837837934494019
        ]
      },
      "SAGE-Replace": {
        "mean": 0.6864865124225616,
        "std": 0.07068486440088682,
        "scores": [
          0.7297297716140747,
          0.5135135054588318,
          0.6756756901741028,
          0.7297297716140747,
          0.5945945978164673,
          0.7297297716140747,
          0.7297297716140747,
          0.7297297716140747,
          0.7297297716140747,
          0.7027027010917664
        ]
      }
    }
  },
  "Wisconsin": {
    "homophily": 0.19213973799126638,
    "n_nodes": 251,
    "results": {
      "MLP": {
        "mean": 0.8313725590705872,
        "std": 0.04401949604416214,
        "scores": [
          0.8039215803146362,
          0.8235294222831726,
          0.7843137383460999,
          0.7843137383460999,
          0.7843137383460999,
          0.9215686321258545,
          0.843137264251709,
          0.8823529481887817,
          0.8235294222831726,
          0.8627451062202454
        ]
      },
      "GCN": {
        "mean": 0.515686297416687,
        "std": 0.06203644275362478,
        "scores": [
          0.45098039507865906,
          0.5098039507865906,
          0.529411792755127,
          0.4901961088180542,
          0.4705882668495178,
          0.4901961088180542,
          0.5882353186607361,
          0.6470588445663452,
          0.4313725531101227,
          0.5490196347236633
        ]
      },
      "GCN-Concat": {
        "mean": 0.8254902064800262,
        "std": 0.04758690343619385,
        "scores": [
          0.7254902124404907,
          0.8627451062202454,
          0.7843137383460999,
          0.8039215803146362,
          0.8039215803146362,
          0.8823529481887817,
          0.843137264251709,
          0.8823529481887817,
          0.8039215803146362,
          0.8627451062202454
        ]
      },
      "SAGE-Concat": {
        "mean": 0.7882353067398071,
        "std": 0.047058820724487305,
        "scores": [
          0.7058823704719543,
          0.7843137383460999,
          0.7450980544090271,
          0.8235294222831726,
          0.7843137383460999,
          0.8823529481887817,
          0.7843137383460999,
          0.8235294222831726,
          0.7450980544090271,
          0.8039215803146362
        ]
      },
      "SAGE-Replace": {
        "mean": 0.6431372761726379,
        "std": 0.056011200022592515,
        "scores": [
          0.5490196347236633,
          0.6078431606292725,
          0.6078431606292725,
          0.5686274766921997,
          0.6470588445663452,
          0.686274528503418,
          0.686274528503418,
          0.7058823704719543,
          0.6470588445663452,
          0.7254902124404907
        ]
      }
    }
  },
  "Cornell": {
    "homophily": 0.12746858168761221,
    "n_nodes": 183,
    "results": {
      "MLP": {
        "mean": 0.7270270526409149,
        "std": 0.08499559747959999,
        "scores": [
          0.7567567825317383,
          0.6756756901741028,
          0.7297297716140747,
          0.6486486792564392,
          0.7567567825317383,
          0.7297297716140747,
          0.8648648858070374,
          0.8648648858070374,
          0.6486486792564392,
          0.5945945978164673
        ]
      },
      "GCN": {
        "mean": 0.502702710032463,
        "std": 0.0785180453890727,
        "scores": [
          0.5135135054588318,
          0.4324324429035187,
          0.4864864945411682,
          0.4324324429035187,
          0.4864864945411682,
          0.4324324429035187,
          0.6216216087341309,
          0.6756756901741028,
          0.4864864945411682,
          0.45945948362350464
        ]
      },
      "GCN-Concat": {
        "mean": 0.7189189434051514,
        "std": 0.061867693280155865,
        "scores": [
          0.7297297716140747,
          0.6756756901741028,
          0.7297297716140747,
          0.6486486792564392,
          0.6486486792564392,
          0.6756756901741028,
          0.7837837934494019,
          0.8378378748893738,
          0.7837837934494019,
          0.6756756901741028
        ]
      },
      "SAGE-Concat": {
        "mean": 0.6918919086456299,
        "std": 0.09684580942426053,
        "scores": [
          0.6756756901741028,
          0.6216216087341309,
          0.6756756901741028,
          0.5675675868988037,
          0.6486486792564392,
          0.7837837934494019,
          0.7297297716140747,
          0.9189189672470093,
          0.7027027010917664,
          0.5945945978164673
        ]
      },
      "SAGE-Replace": {
        "mean": 0.5729729890823364,
        "std": 0.07027026277322206,
        "scores": [
          0.5675675868988037,
          0.45945948362350464,
          0.5405405759811401,
          0.5405405759811401,
          0.5405405759811401,
          0.5675675868988037,
          0.6216216087341309,
          0.6756756901741028,
          0.7027027010917664,
          0.5135135054588318
        ]
      }
    }
  },
  "Roman-empire": {
    "homophily": 0.04689160871017706,
    "n_nodes": 22662,
    "results": {
      "MLP": {
        "mean": 0.6560555934906006,
        "std": 0.004062297737548144,
        "scores": [
          0.657180666923523,
          0.6582837104797363,
          0.6633576154708862,
          0.6569600701332092,
          0.6492389440536499,
          0.657180666923523,
          0.6574012637138367,
          0.6523273587226868,
          0.6501213312149048,
          0.65850430727005
        ]
      },
      "GCN": {
        "mean": 0.4683432698249817,
        "std": 0.004862316066101616,
        "scores": [
          0.4630487561225891,
          0.467019647359848,
          0.47385838627815247,
          0.46459299325942993,
          0.47385838627815247,
          0.474520206451416,
          0.4601809084415436,
          0.46459299325942993,
          0.47099050879478455,
          0.4707699120044708
        ]
      },
      "GCN-Concat": {
        "mean": 0.7807853698730469,
        "std": 0.004575668905010682,