{
  "models": [
    "MLP",
    "GCN",
    "GAT",
    "GraphSAGE",
    "APPNP"
  ],
  "n_datasets": 13,
  "q2_analysis": {
    "count": 4,
    "all_gnns_lose": 2,
    "datasets": [
      "Texas",
      "Wisconsin",
      "Cornell",
      "Roman-empire"
    ]
  },
  "results": [
    {
      "dataset": "Cora",
      "homophily": 0.8099658961727927,
      "mlp_acc": 0.7512915253639221,
      "MLP_mean": 0.7512915253639221,
      "MLP_std": 0.025335259194401806,
      "MLP_vs_mlp": 0.0,
      "GCN_mean": 0.8782287836074829,
      "GCN_std": 0.01658463684148155,
      "GCN_vs_mlp": 0.12693725824356084,
      "GAT_mean": 0.8726937413215637,
      "GAT_std": 0.021861732367559786,
      "GAT_vs_mlp": 0.12140221595764167,
      "GraphSAGE_mean": 0.8749077558517456,
      "GraphSAGE_std": 0.021529077081267205,
      "GraphSAGE_vs_mlp": 0.12361623048782355,
      "APPNP_mean": 0.8789667844772339,
      "APPNP_std": 0.020893565250233836,
      "APPNP_vs_mlp": 0.1276752591133118
    },
    {
      "dataset": "CiteSeer",
      "homophily": 0.7355008787346221,
      "mlp_acc": 0.7381381630897522,
      "MLP_mean": 0.7381381630897522,
      "MLP_std": 0.023561620555350393,
      "MLP_vs_mlp": 0.0,
      "GCN_mean": 0.7705705881118774,
      "GCN_std": 0.016811443435783162,
      "GCN_vs_mlp": 0.03243242502212518,
      "GAT_mean": 0.7636636853218078,
      "GAT_std": 0.01823195217994288,
      "GAT_vs_mlp": 0.02552552223205562,
      "GraphSAGE_mean": 0.7681681871414184,
      "GraphSAGE_std": 0.020644404802833034,
      "GraphSAGE_vs_mlp": 0.030030024051666215,
      "APPNP_mean": 0.7666666865348816,
      "APPNP_std": 0.01236711592109697,
      "APPNP_vs_mlp": 0.02852852344512935
    },
    {
      "dataset": "PubMed",
      "homophily": 0.8023869686851367,
      "mlp_acc": 0.8763184547424316,
      "MLP_mean": 0.8763184547424316,
      "MLP_std": 0.0021952246813208235,
      "MLP_vs_mlp": 0.0,
      "GCN_mean": 0.8775861859321594,
      "GCN_std": 0.005988086283291221,
      "GCN_vs_mlp": 0.0012677311897277832,
      "GAT_mean": 0.8602941036224365,
      "GAT_std": 0.0037709940158300237,
      "GAT_vs_mlp": -0.016024351119995117,
      "GraphSAGE_mean": 0.8927484512329101,
      "GraphSAGE_std": 0.003254929401365099,
      "GraphSAGE_vs_mlp": 0.016429996490478493,
      "APPNP_mean": 0.8685598134994507,
      "APPNP_std": 0.0041278180271216176,
      "APPNP_vs_mlp": -0.007758641242980979
    },
    {
      "dataset": "Computers",
      "homophily": 0.7772155811617133,
      "mlp_acc": 0.8251545190811157,
      "MLP_mean": 0.8251545190811157,
      "MLP_std": 0.02608632811929493,
      "MLP_vs_mlp": 0.0,
      "GCN_mean": 0.8922573924064636,
      "GCN_std": 0.007494185877445231,
      "GCN_vs_mlp": 0.06710287332534792,
      "GAT_mean": 0.9022901177406311,
      "GAT_std": 0.002112085636530623,
      "GAT_vs_mlp": 0.07713559865951536,
      "GraphSAGE_mean": 0.8929117083549499,
      "GraphSAGE_std": 0.008508170386505361,
      "GraphSAGE_vs_mlp": 0.06775718927383423,
      "APPNP_mean": 0.8810614705085754,
      "APPNP_std": 0.001367863006713566,
      "APPNP_vs_mlp": 0.05590695142745972
    },
    {
      "dataset": "Photo",
      "homophily": 0.8272436408830964,
      "mlp_acc": 0.9166013240814209,
      "MLP_mean": 0.9166013240814209,
      "MLP_std": 0.006111726958510925,
      "MLP_vs_mlp": 0.0,
      "GCN_mean": 0.9383006691932678,
      "GCN_std": 0.007628876657157722,
      "GCN_vs_mlp": 0.0216993451118469,
      "GAT_mean": 0.943790853023529,
      "GAT_std": 0.0065620390326686425,
      "GAT_vs_mlp": 0.027189528942108132,
      "GraphSAGE_mean": 0.9413072109222412,
      "GraphSAGE_std": 0.008302447768481236,
      "GraphSAGE_vs_mlp": 0.024705886840820312,
      "APPNP_mean": 0.944444453716278,
      "APPNP_std": 0.0064305122118558005,
      "APPNP_vs_mlp": 0.027843129634857133
    },
    {
      "dataset": "Texas",
      "homophily": 0.08710801393728224,
      "mlp_acc": 0.7783784031867981,
      "MLP_mean": 0.7783784031867981,
      "MLP_std": 0.09729728301366211,
      "MLP_vs_mlp": 0.0,
      "GCN_mean": 0.5351351499557495,
      "GCN_std": 0.09424646763552383,
      "GCN_vs_mlp": -0.24324325323104856,
      "GAT_mean": 0.5297297358512878,
      "GAT_std": 0.09299811376661676,
      "GAT_vs_mlp": -0.24864866733551028,
      "GraphSAGE_mean": 0.8108108401298523,
      "GraphSAGE_std": 0.0418700883575343,
      "GraphSAGE_vs_mlp": 0.0324324369430542,
      "APPNP_mean": 0.4702702760696411,
      "APPNP_std": 0.07567567484719433,
      "APPNP_vs_mlp": -0.30810812711715696
    },
    {
      "dataset": "Wisconsin",
      "homophily": 0.19213973799126638,
      "mlp_acc": 0.7960784435272217,
      "MLP_mean": 0.7960784435272217,
      "MLP_std": 0.0156862735748291,
      "MLP_vs_mlp": 0.0,
      "GCN_mean": 0.49019610285758974,
      "GCN_std": 0.02772968447014349,
      "GCN_vs_mlp": -0.30588234066963194,
      "GAT_mean": 0.5176470816135407,
      "GAT_std": 0.05490196900708344,
      "GAT_vs_mlp": -0.278431361913681,
      "GraphSAGE_mean": 0.7607843279838562,
      "GraphSAGE_std": 0.04366873749776788,
      "GraphSAGE_vs_mlp": -0.03529411554336548,
      "APPNP_mean": 0.537254923582077,
      "APPNP_std": 0.05628510419086296,
      "APPNP_vs_mlp": -0.25882351994514463
    },
    {
      "dataset": "Cornell",
      "homophily": 0.12746858168761221,
      "mlp_acc": 0.7135135412216187,
      "MLP_mean": 0.7135135412216187,
      "MLP_std": 0.043913722811457175,
      "MLP_vs_mlp": 0.0,
      "GCN_mean": 0.4702702760696411,
      "GCN_std": 0.032432427008947044,
      "GCN_vs_mlp": -0.24324326515197758,
      "GAT_mean": 0.4648648679256439,
      "GAT_std": 0.05240734193414065,
      "GAT_vs_mlp": -0.2486486732959748,
      "GraphSAGE_mean": 0.6162162303924561,
      "GraphSAGE_std": 0.03151866463754438,
      "GraphSAGE_vs_mlp": -0.0972973108291626,
      "APPNP_mean": 0.4648648738861084,
      "APPNP_std": 0.0315186523710067,
      "APPNP_vs_mlp": -0.24864866733551028
    },
    {
      "dataset": "Squirrel",
      "homophily": 0.2224086925406833,
      "mlp_acc": 0.3283381283283234,
      "MLP_mean": 0.3283381283283234,
      "MLP_std": 0.00951735807857662,
      "MLP_vs_mlp": 0.0,
      "GCN_mean": 0.49183475971221924,
      "GCN_std": 0.012059448258307272,
      "GCN_vs_mlp": 0.16349663138389586,
      "GAT_mean": 0.4461094975471497,
      "GAT_std": 0.007554119815587943,
      "GAT_vs_mlp": 0.1177713692188263,
      "GraphSAGE_mean": 0.454562908411026,
      "GraphSAGE_std": 0.015157019150377343,
      "GraphSAGE_vs_mlp": 0.1262247800827026,
      "APPNP_mean": 0.379634952545166,
      "APPNP_std": 0.01273530534424601,
      "APPNP_vs_mlp": 0.05129682421684262
    },
    {
      "dataset": "Chameleon",
      "homophily": 0.23053892215568864,
      "mlp_acc": 0.49035088419914247,
      "MLP_mean": 0.49035088419914247,
      "MLP_std": 0.018115681239283535,
      "MLP_vs_mlp": 0.0,
      "GCN_mean": 0.6464912176132203,
      "GCN_std": 0.02423814768194258,
      "GCN_vs_mlp": 0.1561403334140778,
      "GAT_mean": 0.634649133682251,
      "GAT_std": 0.026301166978147276,
      "GAT_vs_mlp": 0.1442982494831085,
      "GraphSAGE_mean": 0.6355263233184815,
      "GraphSAGE_std": 0.019288279696601712,
      "GraphSAGE_vs_mlp": 0.145175439119339,
      "APPNP_mean": 0.5416666746139527,
      "APPNP_std": 0.030639031133457943,
      "APPNP_vs_mlp": 0.051315790414810214
    },
    {
      "dataset": "Roman-empire",
      "homophily": 0.04689160871017706,
      "mlp_acc": 0.657004201412201,
      "MLP_mean": 0.657004201412201,
      "MLP_std": 0.0045240540037892515,
      "MLP_vs_mlp": 0.0,
      "GCN_mean": 0.46737260222434995,
      "GCN_std": 0.003273879467238702,
      "GCN_vs_mlp": -0.189631599187851,
      "GAT_mean": 0.39386720061302183,
      "GAT_std": 0.006245241098410922,
      "GAT_vs_mlp": -0.2631370007991791,
      "GraphSAGE_mean": 0.7695566058158875,
      "GraphSAGE_std": 0.0021460987313790857,