{
  "experiment": "real_dataset_validation",
  "n_runs": 5,
  "results": [
    {
      "dataset": "cora",
      "n_nodes": 2708,
      "n_edges": 10556,
      "n_classes": 7,
      "homophily": 0.8099659085273743,
      "spi": 0.6199318170547485,
      "MLP_acc": 0.5808000206947327,
      "MLP_std": 0.016714058152171918,
      "GCN_acc": 0.8048000454902648,
      "GCN_std": 0.0021354138372599012,
      "GAT_acc": 0.8008000373840332,
      "GAT_std": 0.010943472980209545,
      "GraphSAGE_acc": 0.7944000363349915,
      "GraphSAGE_std": 0.0013564625939608192,
      "GCN_advantage": 0.22400002479553216,
      "GAT_advantage": 0.22000001668930047,
      "GraphSAGE_advantage": 0.21360001564025877,
      "best_model": "GCN",
      "spi_prediction": "GNN",
      "prediction_correct": true
    },
    {
      "dataset": "citeseer",
      "n_nodes": 3327,
      "n_edges": 9104,
      "n_classes": 6,
      "homophily": 0.7355008721351624,
      "spi": 0.4710017442703247,
      "MLP_acc": 0.5492000222206116,
      "MLP_std": 0.012890317114286955,
      "GCN_acc": 0.6914000511169434,
      "GCN_std": 0.007227726347375034,
      "GAT_acc": 0.6692000269889832,
      "GAT_std": 0.019394858657278493,
      "GraphSAGE_acc": 0.6800000309944153,
      "GraphSAGE_std": 0.010825883236429957,
      "GCN_advantage": 0.14220002889633176,
      "GAT_advantage": 0.12000000476837158,
      "GraphSAGE_advantage": 0.1308000087738037,
      "best_model": "GCN",
      "spi_prediction": "GNN",
      "prediction_correct": true
    },
    {
      "dataset": "pubmed",
      "n_nodes": 19717,
      "n_edges": 88648,
      "n_classes": 3,
      "homophily": 0.8023869395256042,
      "spi": 0.6047738790512085,
      "MLP_acc": 0.7278000354766846,
      "MLP_std": 0.0035999960369802,
      "GCN_acc": 0.7850000381469726,
      "GCN_std": 0.004147303861372239,
      "GAT_acc": 0.7726000428199769,
      "GAT_std": 0.0024166234647011787,
      "GraphSAGE_acc": 0.7704000234603882,
      "GraphSAGE_std": 0.00458694753206953,
      "GCN_advantage": 0.05720000267028802,
      "GAT_advantage": 0.04480000734329226,
      "GraphSAGE_advantage": 0.04259998798370357,
      "best_model": "GCN",
      "spi_prediction": "GNN",
      "prediction_correct": true
    },
    {
      "dataset": "texas",
      "n_nodes": 183,
      "n_edges": 325,
      "n_classes": 5,
      "homophily": 0.10769230872392654,
      "spi": 0.7846153825521469,
      "MLP_acc": 0.7837837934494019,
      "MLP_std": 0.017093382569210884,
      "GCN_acc": 0.6054054021835327,
      "GCN_std": 0.02162160873413086,
      "GAT_acc": 0.5837837815284729,
      "GAT_std": 0.04045034672601488,
      "GraphSAGE_acc": 0.8054054260253907,
      "GraphSAGE_std": 0.026480983608555556,
      "GCN_advantage": -0.17837839126586919,
      "GAT_advantage": -0.20000001192092898,
      "GraphSAGE_advantage": 0.021621632575988814,
      "best_model": "GraphSAGE",
      "spi_prediction": "GNN",
      "prediction_correct": true
    },
    {
      "dataset": "wisconsin",
      "n_nodes": 251,
      "n_edges": 515,
      "n_classes": 5,
      "homophily": 0.19611650705337524,
      "spi": 0.6077669858932495,
      "MLP_acc": 0.7843137383460999,
      "MLP_std": 0.012401088124242912,
      "GCN_acc": 0.494117671251297,
      "GCN_std": 0.04539544436718459,
      "GAT_acc": 0.4784313917160034,
      "GAT_std": 0.044019508788171825,
      "GraphSAGE_acc": 0.7137255072593689,
      "GraphSAGE_std": 0.01999615376340211,
      "GCN_advantage": -0.29019606709480283,
      "GAT_advantage": -0.30588234663009645,
      "GraphSAGE_advantage": -0.07058823108673096,
      "best_model": "MLP",
      "spi_prediction": "GNN",
      "prediction_correct": false
    },
    {
      "dataset": "cornell",
      "n_nodes": 183,
      "n_edges": 298,
      "n_classes": 5,
      "homophily": 0.13087248802185059,
      "spi": 0.7382550239562988,
      "MLP_acc": 0.7567567825317383,
      "MLP_std": 0.017093382569210884,
      "GCN_acc": 0.4054054021835327,
      "GCN_std": 0.0,
      "GAT_acc": 0.4324324429035187,
      "GAT_std": 0.04834742356443089,
      "GraphSAGE_acc": 0.7081081151962281,
      "GraphSAGE_std": 0.010810828208923342,
      "GCN_advantage": -0.35135138034820557,
      "GAT_advantage": -0.3243243396282196,
      "GraphSAGE_advantage": -0.04864866733551021,
      "best_model": "MLP",
      "spi_prediction": "GNN",
      "prediction_correct": false
    },
    {
      "dataset": "actor",
      "n_nodes": 7600,
      "n_edges": 30019,
      "n_classes": 5,
      "homophily": 0.21876144409179688,
      "spi": 0.5624771118164062,
      "MLP_acc": 0.3531579077243805,
      "MLP_std": 0.00458454325549665,
      "GCN_acc": 0.28657895922660825,
      "GCN_std": 0.0040469969119834035,
      "GAT_acc": 0.28552632331848143,
      "GAT_std": 0.004940782595585399,
      "GraphSAGE_acc": 0.3372368574142456,
      "GraphSAGE_std": 0.004296015332363155,
      "GCN_advantage": -0.06657894849777224,
      "GAT_advantage": -0.06763158440589906,
      "GraphSAGE_advantage": -0.01592105031013491,
      "best_model": "MLP",
      "spi_prediction": "GNN",
      "prediction_correct": false
    },
    {
      "dataset": "chameleon",
      "n_nodes": 2277,
      "n_edges": 36101,
      "n_classes": 5,
      "homophily": 0.23500734567642212,
      "spi": 0.5299853086471558,
      "MLP_acc": 0.4890350878238678,
      "MLP_std": 0.005000763401095322,
      "GCN_acc": 0.40087719559669494,
      "GCN_std": 0.016838906587678643,
      "GAT_acc": 0.48289474844932556,
      "GAT_std": 0.011637282523944803,
      "GraphSAGE_acc": 0.4982456207275391,
      "GraphSAGE_std": 0.013546882191042376,
      "GCN_advantage": -0.08815789222717285,
      "GAT_advantage": -0.006140339374542225,
      "GraphSAGE_advantage": 0.009210532903671298,
      "best_model": "GraphSAGE",
      "spi_prediction": "GNN",
      "prediction_correct": true
    },
    {
      "dataset": "squirrel",
      "n_nodes": 5201,
      "n_edges": 217073,
      "n_classes": 5,
      "homophily": 0.2239430993795395,
      "spi": 0.552113801240921,
      "MLP_acc": 0.34236310720443724,
      "MLP_std": 0.004489262053139805,
      "GCN_acc": 0.25840537548065184,
      "GCN_std": 0.007162867602485182,
      "GAT_acc": 0.28683956265449523,
      "GAT_std": 0.002757484014822147,
      "GraphSAGE_acc": 0.369836688041687,
      "GraphSAGE_std": 0.005858966335348597,
      "GCN_advantage": -0.0839577317237854,
      "GAT_advantage": -0.05552354454994202,
      "GraphSAGE_advantage": 0.027473580837249767,
      "best_model": "GraphSAGE",
      "spi_prediction": "GNN",
      "prediction_correct": true
    },
    {
      "dataset": "elliptic_weber_split",
      "n_nodes": 4000,
      "n_edges": 51346,
      "n_classes": 2,
      "homophily": 0.7634479999542236,
      "spi": 0.5268959999084473,
      "MLP_acc": 0.9184999704360962,
      "MLP_std": 0.0024238388467478778,
      "GCN_acc": 0.9322499990463257,
      "GCN_std": 0.0019999936223335404,
      "GAT_acc": 0.931499969959259,
      "GAT_std": 0.01199999675154998,
      "GraphSAGE_acc": 0.9432499766349792,
      "GraphSAGE_std": 0.005159926542967618,
      "GCN_advantage": 0.013750028610229448,
      "GAT_advantage": 0.012999999523162775,
      "GraphSAGE_advantage": 0.024750006198883012,
      "best_model": "GraphSAGE",
      "spi_prediction": "GNN",
      "prediction_correct": true
    },
    {
      "dataset": "inj_amazon",
      "n_nodes": 13752,
      "n_edges": 511042,
      "n_classes": 4,
      "homophily": 0.9069900512695312,
      "spi": 0.8139801025390625,
      "MLP_acc": 0.953108012676239,
      "MLP_std": 0.0,
      "GCN_acc": 0.953108012676239,
      "GCN_std": 0.0,
      "GAT_acc": 0.953108012676239,
      "GAT_std": 0.0,
      "GraphSAGE_acc": 0.953108012676239,
      "GraphSAGE_std": 0.0,
      "GCN_advantage": 0.0,
      "GAT_advantage": 0.0,
      "GraphSAGE_advantage": 0.0,
      "best_model": "MLP",
      "spi_prediction": "GNN",