{
  "Roman-empire": {
    "default": {
      "gcn_mean": 0.4694683521986008,
      "gcn_std": 0.004967713455769582,
      "mlp_mean": 0.6555040955543519,
      "mlp_std": 0.006007733682613171,
      "gcn_mlp_mean": -0.18603574335575107,
      "gcn_mlp_std": 0.0057998791643508185,
      "gcn_results": [
        0.46348997950553894,
        0.4643723964691162,
        0.47341716289520264,
        0.4652548134326935,
        0.46922567486763,
        0.47231414914131165,
        0.47231414914131165,
        0.4628281593322754,
        0.4731965661048889,
        0.4782704710960388
      ],
      "mlp_results": [
        0.6551952362060547,
        0.6565188765525818,
        0.664901852607727,
        0.657180666923523,
        0.6474741101264954,
        0.654974639415741,
        0.6626958250999451,
        0.6457092761993408,
        0.6499007344245911,
        0.6604897379875183
      ]
    },
    "small_hidden": {
      "gcn_mean": 0.45338628590106966,
      "gcn_std": 0.003769431382876604,
      "mlp_mean": 0.648466807603836,
      "mlp_std": 0.004236814180878763,
      "gcn_mlp_mean": -0.19508052170276635,
      "gcn_mlp_std": 0.005354875086537744,
      "gcn_results": [
        0.4506949186325073,
        0.4500330984592438,
        0.4531215727329254,
        0.4517979323863983,
        0.4557688236236572,
        0.45863667130470276,
        0.4590778648853302,
        0.4476064443588257,
        0.4502536952495575,
        0.4568718373775482
      ],
      "mlp_results": [
        0.6518861651420593,
        0.6476947069168091,
        0.6562982797622681,
        0.6501213312149048,
        0.6426208019256592,
        0.6448268294334412,
        0.6503419280052185,
        0.6419589519500732,
        0.6474741101264954,
        0.6514449715614319
      ]
    },
    "large_hidden": {
      "gcn_mean": 0.48100596368312837,
      "gcn_std": 0.004522334731276126,
      "mlp_mean": 0.6583498835563659,
      "mlp_std": 0.00486936518323914,
      "gcn_mlp_mean": -0.17734391987323755,
      "gcn_mlp_std": 0.005030020534538567,
      "gcn_results": [
        0.47893229126930237,
        0.47760865092277527,
        0.48224136233329773,
        0.4818001389503479,
        0.4802559018135071,
        0.48510921001434326,
        0.4815795421600342,
        0.4705493152141571,
        0.48378556966781616,
        0.4881976544857025
      ],
      "mlp_results": [
        0.6556364297866821,
        0.6596073508262634,
        0.6642400026321411,
        0.6602691411972046,
        0.6481359004974365,
        0.6611515879631042,
        0.6618133783340454,
        0.654974639415741,
        0.6536509990692139,
        0.6640194058418274
      ]
    },
    "low_dropout": {
      "gcn_mean": 0.46863004863262175,
      "gcn_std": 0.005678629117988581,
      "mlp_mean": 0.6567174196243286,
      "mlp_std": 0.005121117956325201,
      "gcn_mlp_mean": -0.18808737099170686,
      "gcn_mlp_std": 0.005596752431879086,
      "gcn_results": [
        0.46724024415016174,
        0.45973968505859375,
        0.4694463014602661,
        0.4707699120044708,
        0.46591660380363464,
        0.4758438169956207,
        0.4705493152141571,
        0.45819544792175293,
        0.4742995798587799,
        0.4742995798587799
      ],
      "mlp_results": [
        0.6538715958595276,
        0.6547540426254272,
        0.6635782122612,
        0.6598279476165771,
        0.6494595408439636,
        0.6596073508262634,
        0.6626958250999451,
        0.6512243747711182,
        0.6503419280052185,
        0.6618133783340454
      ]
    },
    "high_dropout": {
      "gcn_mean": 0.4682329624891281,
      "gcn_std": 0.005387672361995647,
      "mlp_mean": 0.6511361300945282,
      "mlp_std": 0.005454958586141636,
      "gcn_mlp_mean": -0.1829031676054001,
      "gcn_mlp_std": 0.00644410668729487,
      "gcn_results": [
        0.46348997950553894,
        0.4663578271865845,
        0.47099050879478455,
        0.4564306139945984,
        0.46966689825057983,
        0.4718729257583618,
        0.47341716289520264,
        0.46348997950553894,
        0.47253474593162537,
        0.4740789830684662
      ],
      "mlp_results": [
        0.6483564972877502,
        0.6514449715614319,
        0.6602691411972046,
        0.6529892086982727,
        0.6426208019256592,
        0.652768611907959,
        0.6576219201087952,
        0.6430619955062866,
        0.6479153037071228,
        0.6543128490447998
      ]
    },
    "low_lr": {
      "gcn_mean": 0.4431943565607071,
      "gcn_std": 0.005400082147487271,
      "mlp_mean": 0.6491948008537293,
      "mlp_std": 0.004851101866903541,
      "gcn_mlp_mean": -0.20600044429302217,
      "gcn_mlp_std": 0.006345443948592877,
      "gcn_results": [
        0.437679260969162,
        0.44319435954093933,
        0.44187071919441223,
        0.4390028715133667,
        0.44076770544052124,
        0.4515773355960846,
        0.44098830223083496,
        0.4365762174129486,
        0.45334216952323914,
        0.44694462418556213
      ],
      "mlp_results": [
        0.6437237858772278,
        0.6551952362060547,
        0.6529892086982727,
        0.6499007344245911,
        0.6417383551597595,
        0.6494595408439636,
        0.6547540426254272,
        0.6432825922966003,
        0.6465916633605957,
        0.6543128490447998
      ]
    },
    "high_wd": {
      "gcn_mean": 0.4481358975172043,
      "gcn_std": 0.003674506865904187,
      "mlp_mean": 0.6484888672828675,
      "mlp_std": 0.00520102934715981,
      "gcn_mlp_mean": -0.2003529697656632,
      "gcn_mlp_std": 0.005350102597825182,
      "gcn_results": [
        0.44319435954093933,
        0.44981250166893005,
        0.4491506814956665,
        0.4427531361579895,
        0.4478270411491394,
        0.4544451832771301,
        0.45113611221313477,
        0.4440767765045166,
        0.4515773355960846,
        0.44738584756851196
      ],
      "mlp_results": [
        0.646371066570282,
        0.6446062326431274,
        0.6569600701332092,
        0.6499007344245911,
        0.6415177583694458,
        0.6499007344245911,
        0.6516655683517456,
        0.6397529244422913,
        0.6494595408439636,
        0.6547540426254272
      ]
    }
  },
  "Texas": {
    "default": {
      "gcn_mean": 0.5459459543228149,
      "gcn_std": 0.08356554342440217,
      "mlp_mean": 0.7918919146060943,
      "mlp_std": 0.06514578410812946,
      "gcn_mlp_mean": -0.24594596028327942,
      "gcn_mlp_std": 0.08325904189077447,
      "gcn_results": [
        0.5945945978164673,
        0.4054054021835327,
        0.6756756901741028,
        0.5945945978164673,
        0.4864864945411682,
        0.5675675868988037,
        0.5945945978164673,
        0.5405405759811401,
        0.4054054021835327,
        0.5945945978164673
      ],
      "mlp_results": [
        0.7297297716140747,
        0.6486486792564392,
        0.7837837934494019,
        0.8918918967247009,
        0.7567567825317383,
        0.8108108043670654,
        0.8378378748893738,
        0.7837837934494019,
        0.8378378748893738,
        0.8378378748893738
      ]
    },
    "small_hidden": {
      "gcn_mean": 0.5567567616701126,
      "gcn_std": 0.08732700034750093,
      "mlp_mean": 0.7891891956329345,
      "mlp_std": 0.09501835176646647,
      "gcn_mlp_mean": -0.23243243396282198,
      "gcn_mlp_std": 0.10619936546950265,
      "gcn_results": [
        0.5945945978164673,
        0.4054054021835327,
        0.6756756901741028,
        0.5135135054588318,
        0.4864864945411682,
        0.5945945978164673,
        0.5945945978164673,
        0.6216216087341309,
        0.4324324429035187,
        0.6486486792564392
      ],