{
  "Texas": {
    "homophily": 0.08710801393728224,
    "spi": 0.8257839721254355,
    "regime": "Q2 (Low h)",
    "n_nodes": 183,
    "results": {
      "MLP": {
        "mean": 0.8054054200649261,
        "std": 0.07907425271453676,
        "scores": [
          0.7297297716140747,
          0.6486486792564392,
          0.8918918967247009,
          0.8918918967247009,
          0.7297297716140747,
          0.8648648858070374,
          0.8108108043670654,
          0.7837837934494019,
          0.8918918967247009,
          0.8108108043670654
        ]
      },
      "GCN": {
        "mean": 0.5486486613750458,
        "std": 0.08465114220364699,
        "scores": [
          0.5675675868988037,
          0.4054054021835327,
          0.6756756901741028,
          0.45945948362350464,
          0.5675675868988037,
          0.6486486792564392,
          0.5135135054588318,
          0.4864864945411682,
          0.5135135054588318,
          0.6486486792564392
        ]
      },
      "GPR-GNN": {
        "mean": 0.762162184715271,
        "std": 0.09729729725255006,
        "scores": [
          0.6486486792564392,
          0.6486486792564392,
          0.7297297716140747,
          0.8918918967247009,
          0.7837837934494019,
          0.7837837934494019,
          0.8378378748893738,
          0.8648648858070374,
          0.5945945978164673,
          0.8378378748893738
        ]
      }
    }
  },
  "Wisconsin": {
    "homophily": 0.19213973799126638,
    "spi": 0.6157205240174672,
    "regime": "Q2 (Low h)",
    "n_nodes": 251,
    "results": {
      "MLP": {
        "mean": 0.8313725590705872,
        "std": 0.04401949604416214,
        "scores": [
          0.8039215803146362,
          0.8235294222831726,
          0.7843137383460999,
          0.7843137383460999,
          0.7843137383460999,
          0.9215686321258545,
          0.843137264251709,
          0.8823529481887817,
          0.8235294222831726,
          0.8627451062202454
        ]
      },
      "GCN": {
        "mean": 0.515686297416687,
        "std": 0.06203644275362478,
        "scores": [
          0.45098039507865906,
          0.5098039507865906,
          0.529411792755127,
          0.4901961088180542,
          0.4705882668495178,
          0.4901961088180542,
          0.5882353186607361,
          0.6470588445663452,
          0.4313725531101227,
          0.5490196347236633
        ]
      },
      "GPR-GNN": {
        "mean": 0.8058823645114899,
        "std": 0.05071575053152734,
        "scores": [
          0.7058823704719543,
          0.843137264251709,
          0.7254902124404907,
          0.7843137383460999,
          0.8039215803146362,
          0.8627451062202454,
          0.8627451062202454,
          0.8235294222831726,
          0.8235294222831726,
          0.8235294222831726
        ]
      }
    }
  },
  "Cornell": {
    "homophily": 0.12746858168761221,
    "spi": 0.7450628366247756,
    "regime": "Q2 (Low h)",
    "n_nodes": 183,
    "results": {
      "MLP": {
        "mean": 0.7270270526409149,
        "std": 0.08499559747959999,
        "scores": [
          0.7567567825317383,
          0.6756756901741028,
          0.7297297716140747,
          0.6486486792564392,
          0.7567567825317383,
          0.7297297716140747,
          0.8648648858070374,
          0.8648648858070374,
          0.6486486792564392,
          0.5945945978164673
        ]
      },
      "GCN": {
        "mean": 0.502702710032463,
        "std": 0.0785180453890727,
        "scores": [
          0.5135135054588318,
          0.4324324429035187,
          0.4864864945411682,
          0.4324324429035187,
          0.4864864945411682,
          0.4324324429035187,
          0.6216216087341309,
          0.6756756901741028,
          0.4864864945411682,
          0.45945948362350464
        ]
      },
      "GPR-GNN": {
        "mean": 0.6513513624668121,
        "std": 0.13320240175740902,
        "scores": [
          0.6216216087341309,
          0.7567567825317383,
          0.45945948362350464,
          0.4054054021835327,
          0.6216216087341309,
          0.6486486792564392,
          0.8378378748893738,
          0.8108108043670654,
          0.7297297716140747,
          0.6216216087341309
        ]
      }
    }
  },
  "Roman-empire": {
    "homophily": 0.04689160871017706,
    "spi": 0.9062167825796459,
    "regime": "Q2 (Low h)",
    "n_nodes": 22662,
    "results": {
      "MLP": {
        "mean": 0.6560555934906006,
        "std": 0.004062297737548144,
        "scores": [
          0.657180666923523,
          0.6582837104797363,
          0.6633576154708862,
          0.6569600701332092,
          0.6492389440536499,
          0.657180666923523,
          0.6574012637138367,
          0.6523273587226868,
          0.6501213312149048,
          0.65850430727005
        ]
      },
      "GCN": {
        "mean": 0.46807854175567626,
        "std": 0.004796616967235155,
        "scores": [
          0.46724024415016174,
          0.46834325790405273,
          0.47385838627815247,
          0.4641517698764801,
          0.4665784239768982,
          0.47474080324172974,
          0.4588572680950165,
          0.46348997950553894,
          0.47231414914131165,
          0.47121113538742065
        ]
      },
      "GPR-GNN": {
        "mean": 0.6857048451900483,
        "std": 0.004883342154442924,
        "scores": [
          0.684315025806427,
          0.6851974725723267,
          0.6938010454177856,
          0.6836532354354858,
          0.6818884015083313,
          0.6796823143959045,
          0.6896095275878906,
          0.6807853579521179,
          0.6838738322257996,
          0.6942422389984131
        ]
      }
    }
  },
  "Cora": {
    "homophily": 0.8099658961727927,
    "spi": 0.6199317923455854,
    "regime": "Trust Region (High h)",
    "n_nodes": 2708,
    "results": {
      "MLP": {
        "mean": 0.7546125531196595,
        "std": 0.02423935129523625,
        "scores": [
          0.7324723601341248,
          0.7896679043769836,
          0.7416974306106567,
          0.7214022278785706,
          0.7712177038192749,
          0.7453874349594116,
          0.7472324967384338,
          0.7896679043769836,
          0.7785977721214294,
          0.7287822961807251
        ]
      },
      "GCN": {
        "mean": 0.8809963166713715,
        "std": 0.015855344925317347,
        "scores": [
          0.8468635082244873,
          0.8911439180374146,
          0.892988920211792,
          0.8800737857818604,
          0.8800737857818604,
          0.892988920211792,
          0.8560885787010193,
          0.8948339819908142,
          0.892988920211792,
          0.8819188475608826
        ]
      },
      "GPR-GNN": {
        "mean": 0.8839483559131622,
        "std": 0.01856880586256589,
        "scores": [
          0.8505535125732422,
          0.9095941185951233,
          0.8763837814331055,
          0.874538779258728,
          0.874538779258728,
          0.8911439180374146,
          0.8634686470031738,
          0.8911439180374146,
          0.9114391207695007,
          0.8966789841651917
        ]
      }
    }
  },
  "CiteSeer": {
    "homophily": 0.7355008787346221,
    "spi": 0.4710017574692442,
    "regime": "Trust Region (High h)",
    "n_nodes": 3327,
    "results": {
      "MLP": {
        "mean": 0.7337838113307953,
        "std": 0.018402436099771564,
        "scores": [
          0.7312312722206116,
          0.759759783744812,
          0.7672672867774963,
          0.7312312722206116,
          0.7012012004852295,
          0.7162162065505981,
          0.737237274646759,
          0.7387387752532959,
          0.7342342734336853,
          0.7207207679748535
        ]
      },
      "GCN": {
        "mean": 0.7651651859283447,
        "std": 0.016749641388663243,