{
  "experiment": "heterophilic_benchmark_validation",
  "results": [
    {
      "dataset": "Texas",
      "n_nodes": 183,
      "n_features": 1703,
      "n_classes": 5,
      "homophily": 0.10769230872392654,
      "pattern_score": 0.5692442296997023,
      "metrics": {
        "homophily": 0.10769230872392654,
        "neighborhood_entropy": 0.8103075763766004,
        "transition_structure": 0.4883342036315975,
        "conditional_predictability": 0.5272727272727272,
        "predictability_lift": 0.409090909090909,
        "pattern_score": 0.5692442296997023
      },
      "gcn_acc": 0.5837837934494019,
      "gat_acc": 0.5891892075538635,
      "sage_acc": 0.8486486673355103,
      "mlp_acc": 0.8864865064620971,
      "gcn_advantage": -0.30270271301269525,
      "gat_advantage": -0.29729729890823364,
      "sage_advantage": -0.03783783912658689,
      "gcn_std": 0.03666122130022472,
      "gat_std": 0.05240733824549234,
      "sage_std": 0.05012767879974332,
      "mlp_std": 0.026480969008465666
    },
    {
      "dataset": "Wisconsin",
      "n_nodes": 251,
      "n_features": 1703,
      "n_classes": 5,
      "homophily": 0.19611650705337524,
      "pattern_score": 0.4704030581793679,
      "metrics": {
        "homophily": 0.19611650705337524,
        "neighborhood_entropy": 0.8348316966295108,
        "transition_structure": 0.2528480661438871,
        "conditional_predictability": 0.4588235294117647,
        "predictability_lift": 0.32352941176470584,
        "pattern_score": 0.4704030581793679
      },
      "gcn_acc": 0.5399999856948853,
      "gat_acc": 0.543999993801117,
      "sage_acc": 0.8159999847412109,
      "mlp_acc": 0.8679999709129333,
      "gcn_advantage": -0.3279999852180481,
      "gat_advantage": -0.3239999771118164,
      "sage_advantage": -0.05199998617172241,
      "gcn_std": 0.060663004652874095,
      "gat_std": 0.042708319171191174,
      "sage_std": 0.05571354191392206,
      "mlp_std": 0.06144916635542409
    },
    {
      "dataset": "Cornell",
      "n_nodes": 183,
      "n_features": 1703,
      "n_classes": 5,
      "homophily": 0.13087248802185059,
      "pattern_score": 0.43383387891365505,
      "metrics": {
        "homophily": 0.13087248802185059,
        "neighborhood_entropy": 0.8815599392745432,
        "transition_structure": 0.2528364343085272,
        "conditional_predictability": 0.33368421052631575,
        "predictability_lift": 0.16710526315789467,
        "pattern_score": 0.43383387891365505
      },
      "gcn_acc": 0.47567569017410277,
      "gat_acc": 0.5135135352611542,
      "sage_acc": 0.8054054141044616,
      "mlp_acc": 0.8216216325759887,
      "gcn_advantage": -0.345945942401886,
      "gat_advantage": -0.3081080973148346,
      "sage_advantage": -0.0162162184715271,
      "gcn_std": 0.05565205638082757,
      "gat_std": 0.04834742356443089,
      "sage_std": 0.04649904995440917,
      "mlp_std": 0.043913718409364984
    },
    {
      "dataset": "Squirrel",
      "n_nodes": 5201,
      "n_features": 2089,
      "n_classes": 5,
      "homophily": 0.2239430993795395,
      "pattern_score": 0.10594179086811319,
      "metrics": {
        "homophily": 0.2239430993795395,
        "neighborhood_entropy": 0.28035897806157273,
        "transition_structure": 0.010112657381753043,
        "conditional_predictability": 0.22188298972881104,
        "predictability_lift": 0.02735373716101379,
        "pattern_score": 0.10594179086811319
      },
      "gcn_acc": 0.2788461446762085,
      "gat_acc": 0.3023076891899109,
      "sage_acc": 0.38057692646980285,
      "mlp_acc": 0.3565384566783905,
      "gcn_advantage": -0.07769231200218202,
      "gat_advantage": -0.0542307674884796,
      "sage_advantage": 0.02403846979141233,
      "gcn_std": 0.007952333722952539,
      "gat_std": 0.011090668581684546,
      "sage_std": 0.009089462291553604,
      "mlp_std": 0.009507085008608099
    },
    {
      "dataset": "Chameleon",
      "n_nodes": 2277,
      "n_features": 2325,
      "n_classes": 5,
      "homophily": 0.23500734567642212,
      "pattern_score": 0.21340387940272607,
      "metrics": {
        "homophily": 0.23500734567642212,
        "neighborhood_entropy": 0.3806339425725449,
        "transition_structure": 0.059969299645658225,
        "conditional_predictability": 0.35968671679198,
        "predictability_lift": 0.19960839598997498,
        "pattern_score": 0.21340387940272607
      },
      "gcn_acc": 0.3982417643070221,
      "gat_acc": 0.4769231081008911,
      "sage_acc": 0.5424176096916199,
      "mlp_acc": 0.5243956327438355,
      "gcn_advantage": -0.12615386843681342,
      "gat_advantage": -0.04747252464294438,
      "sage_advantage": 0.0180219769477844,
      "gcn_std": 0.00915721556671471,
      "gat_std": 0.01219730646024679,
      "sage_std": 0.011908761649869542,
      "mlp_std": 0.02196043121289674
    }
  ]
}