{
  "Texas": {
    "homophily": 0.08710801393728224,
    "spi": 0.8257839721254355,
    "regime": "Q2 (Low h)",
    "n_nodes": 183,
    "results": {
      "MLP": {
        "mean": 0.8054054200649261,
        "std": 0.07907425271453676,
        "scores": [
          0.7297297716140747,
          0.6486486792564392,
          0.8918918967247009,
          0.8918918967247009,
          0.7297297716140747,
          0.8648648858070374,
          0.8108108043670654,
          0.7837837934494019,
          0.8918918967247009,
          0.8108108043670654
        ]
      },
      "GCN": {
        "mean": 0.5486486613750458,
        "std": 0.08465114220364699,
        "scores": [
          0.5675675868988037,
          0.4054054021835327,
          0.6756756901741028,
          0.45945948362350464,
          0.5675675868988037,
          0.6486486792564392,
          0.5135135054588318,
          0.4864864945411682,
          0.5135135054588318,
          0.6486486792564392
        ]
      },
      "FAGCN": {
        "mean": 0.572972983121872,
        "std": 0.07431204212831502,
        "scores": [
          0.5945945978164673,
          0.4054054021835327,
          0.5945945978164673,
          0.5945945978164673,
          0.5135135054588318,
          0.6756756901741028,
          0.5675675868988037,
          0.5405405759811401,
          0.5675675868988037,
          0.6756756901741028
        ]
      },
      "LINKX": {
        "mean": 0.8459459602832794,
        "std": 0.05675675670306166,
        "scores": [
          0.8108108043670654,
          0.8648648858070374,
          0.7297297716140747,
          0.8918918967247009,
          0.7837837934494019,
          0.8918918967247009,
          0.8108108043670654,
          0.8918918967247009,
          0.9189189672470093,
          0.8648648858070374
        ]
      },
      "MixHop": {
        "mean": 0.0,
        "std": 0.0,
        "scores": [
          0.0,
          0.0,
          0.0,
          0.0,
          0.0,
          0.0,
          0.0,
          0.0,
          0.0,
          0.0
        ]
      }
    }
  },
  "Wisconsin": {
    "homophily": 0.19213973799126638,
    "spi": 0.6157205240174672,
    "regime": "Q2 (Low h)",
    "n_nodes": 251,
    "results": {
      "MLP": {
        "mean": 0.8313725590705872,
        "std": 0.04401949604416214,
        "scores": [
          0.8039215803146362,
          0.8235294222831726,
          0.7843137383460999,
          0.7843137383460999,
          0.7843137383460999,
          0.9215686321258545,
          0.843137264251709,
          0.8823529481887817,
          0.8235294222831726,
          0.8627451062202454
        ]
      },
      "GCN": {
        "mean": 0.515686297416687,
        "std": 0.06203644275362478,
        "scores": [
          0.45098039507865906,
          0.5098039507865906,
          0.529411792755127,
          0.4901961088180542,
          0.4705882668495178,
          0.4901961088180542,
          0.5882353186607361,
          0.6470588445663452,
          0.4313725531101227,
          0.5490196347236633
        ]
      },
      "FAGCN": {
        "mean": 0.5529412031173706,
        "std": 0.06431850387948182,
        "scores": [
          0.5490196347236633,
          0.5882353186607361,
          0.529411792755127,
          0.5490196347236633,
          0.4705882668495178,
          0.4705882668495178,
          0.6666666865348816,
          0.6470588445663452,
          0.4901961088180542,
          0.5686274766921997
        ]
      },
      "LINKX": {
        "mean": 0.8450980484485626,
        "std": 0.03333333134651184,
        "scores": [
          0.7843137383460999,
          0.8235294222831726,
          0.8039215803146362,
          0.8627451062202454,
          0.843137264251709,
          0.843137264251709,
          0.8823529481887817,
          0.8627451062202454,
          0.843137264251709,
          0.9019607901573181
        ]
      },
      "MixHop": {
        "mean": 0.0,
        "std": 0.0,
        "scores": [
          0.0,
          0.0,
          0.0,
          0.0,
          0.0,
          0.0,
          0.0,
          0.0,
          0.0,
          0.0
        ]
      }
    }
  },
  "Cornell": {
    "homophily": 0.12746858168761221,
    "spi": 0.7450628366247756,
    "regime": "Q2 (Low h)",
    "n_nodes": 183,
    "results": {
      "MLP": {
        "mean": 0.7270270526409149,
        "std": 0.08499559747959999,
        "scores": [
          0.7567567825317383,
          0.6756756901741028,
          0.7297297716140747,
          0.6486486792564392,
          0.7567567825317383,
          0.7297297716140747,
          0.8648648858070374,
          0.8648648858070374,
          0.6486486792564392,
          0.5945945978164673
        ]
      },
      "GCN": {
        "mean": 0.502702710032463,
        "std": 0.0785180453890727,
        "scores": [
          0.5135135054588318,
          0.4324324429035187,
          0.4864864945411682,
          0.4324324429035187,
          0.4864864945411682,
          0.4324324429035187,
          0.6216216087341309,
          0.6756756901741028,
          0.4864864945411682,
          0.45945948362350464
        ]
      },
      "FAGCN": {
        "mean": 0.5000000059604645,
        "std": 0.08482353557326643,
        "scores": [
          0.4864864945411682,
          0.4324324429035187,
          0.4864864945411682,
          0.37837839126586914,
          0.6216216087341309,
          0.4324324429035187,
          0.5675675868988037,
          0.6216216087341309,
          0.5675675868988037,
          0.4054054021835327
        ]
      },
      "LINKX": {
        "mean": 0.7216216325759888,
        "std": 0.07052966172327418,
        "scores": [
          0.7297297716140747,
          0.8108108043670654,
          0.5945945978164673,
          0.6756756901741028,
          0.7027027010917664,
          0.6486486792564392,
          0.7837837934494019,
          0.8108108043670654,
          0.6756756901741028,
          0.7837837934494019
        ]
      },
      "MixHop": {
        "mean": 0.0,
        "std": 0.0,
        "scores": [
          0.0,
          0.0,
          0.0,
          0.0,
          0.0,
          0.0,
          0.0,
          0.0,
          0.0,
          0.0
        ]
      }
    }
  },
  "Roman-empire": {
    "homophily": 0.04689160871017706,
    "spi": 0.9062167825796459,
    "regime": "Q2 (Low h)",
    "n_nodes": 22662,
    "results": {
      "MLP": {
        "mean": 0.6560555934906006,
        "std": 0.004062297737548144,
        "scores": [
          0.657180666923523,
          0.6582837104797363,
          0.6633576154708862,
          0.6569600701332092,
          0.6492389440536499,
          0.657180666923523,
          0.6574012637138367,
          0.6523273587226868,
          0.6501213312149048,
          0.65850430727005
        ]
      },
      "GCN": {
        "mean": 0.4682770848274231,
        "std": 0.00520088583888173,
        "scores": [
          0.4628281593322754,
          0.4665784239768982,
          0.47341716289520264,
          0.4643723964691162,
          0.47385838627815247,
          0.47496140003204346,
          0.4592984914779663,
          0.4641517698764801,
          0.4716523289680481,
          0.4716523289680481
        ]
      },
      "FAGCN": {
        "mean": 0.4137877881526947,
        "std": 0.006357883637515996,
        "scores": [
          0.4087800681591034,
          0.42069271206855774,
          0.4149569869041443,
          0.40701523423194885,
          0.4125303328037262,
          0.4085594713687897,
          0.41826605796813965,
          0.4052504003047943,
          0.4153982102870941,
          0.4264284074306488
        ]
      },
      "LINKX": {
        "mean": 0.7577321887016296,
        "std": 0.00450681630150579,